Source	Target	Co-Featured
AGATHA HARKNESS	HUMAN TORCH	51
AGATHA HARKNESS	INVISIBLE WOMAN	51
AGATHA HARKNESS	THING	53
ALICIA REIS MASTERS	FRANKLIN B RICHARDS	64
ALICIA REIS MASTERS	HUMAN TORCH	141
ALICIA REIS MASTERS	INVISIBLE WOMAN	141
ALICIA REIS MASTERS	MR. FANTASTIC	143
ALICIA REIS MASTERS	THING	179
ANCIENT ONE	DR. STRANGE	68
ANGEL	BEAST	309
ANGEL	CAPTAIN AMERICA	52
ANGEL	COLOSSUS II	102
ANGEL	CYCLOPS	293
ANGEL	GAMBIT	68
ANGEL	HAVOK	72
ANGEL	ICEMAN	335
ANGEL	MARVEL GIRL	285
ANGEL	NATHAN CHRI SUMMERS	65
ANGEL	NIGHTCRAWLER	59
ANGEL	POLARIS	66
ANGEL	PROFESSOR X	183
ANGEL	PSYLOCKE	90
ANGEL	ROGUE	75
ANGEL	STORM	127
ANGEL	WOLVERINE	123
ANNA WATSON	J. JONAH JAMESON	71
ANNA WATSON	MARY WATSONPARKER	93
ANNA WATSON	MAY PARKER	82
ANNA WATSON	SPIDERMAN	128
ANTMAN	BEAST	95
ANTMAN	BLACK PANTHER	86
ANTMAN	BLACK WIDOW	117
ANTMAN	CAPTAIN AMERICA	295
ANTMAN	CRYSTAL [INHUMAN]	63
ANTMAN	EDWIN JARVIS	120
ANTMAN	HAWK	263
ANTMAN	HERCULES [GREEK GOD]	100
ANTMAN	HUMAN TORCH	59
ANTMAN	INVISIBLE WOMAN	67
ANTMAN	IRON MAN	291
ANTMAN	MOCKINGBIRD	75
ANTMAN	MR. FANTASTIC	72
ANTMAN	QUICKSILVER	128
ANTMAN	SCARLET WITCH	244
ANTMAN	SHEHULK	72
ANTMAN	SUBMARINER	53
ANTMAN	THING	73
ANTMAN	THOR	189
ANTMAN	TIGRA	87
ANTMAN	USAGENT	59
ANTMAN	VISION	239
ANTMAN	WASP	406
ANTMAN	WONDER MAN	194
APOCALYPSE	CYCLOPS	56
APOCALYPSE	MARVEL GIRL	55
ARTHUR ART MADDICKS	LEECH	55
AURORA	HEATHER HUDSON	84
AURORA	NORTHSTAR	96
AURORA	PUCK	78
AURORA	SASQUATCH	74
AURORA	SHAMAN	65
BALDER [ASGARDIAN]	FANDRAL [ASGARDIAN]	154
BALDER [ASGARDIAN]	HEIMDALL [ASGARDIAN]	85
BALDER [ASGARDIAN]	HOGUN [ASGARDIAN]	154
BALDER [ASGARDIAN]	KARNILLA [ASGARDIAN]	84
BALDER [ASGARDIAN]	LOKI [ASGARDIAN]	110
BALDER [ASGARDIAN]	ODIN [ASGARDIAN]	159
BALDER [ASGARDIAN]	SIF	164
BALDER [ASGARDIAN]	THOR	209
BALDER [ASGARDIAN]	VIZIER	57
BALDER [ASGARDIAN]	VOLSTAGG	157
BAMBI ARBOGAST	IRON MAN	80
BAMBI ARBOGAST	IRON MAN IV	54
BANSHEE	CHAMBER	65
BANSHEE	COLOSSUS II	93
BANSHEE	CYCLOPS	109
BANSHEE	HUSK	62
BANSHEE	JUBILEE	93
BANSHEE	MOIRA KI MACTAGGERT	61
BANSHEE	NIGHTCRAWLER	77
BANSHEE	PENANCE	55
BANSHEE	PROFESSOR X	74
BANSHEE	SKIN	66
BANSHEE	STORM	101
BANSHEE	SYNCH	59
BANSHEE	WHITE QUEEN	71
BANSHEE	WOLVERINE	102
BARON MORDO	DR. STRANGE	52
BEAST	BISHOP	56
BEAST	CANNONBALL II	60
BEAST	CAPTAIN AMERICA	169
BEAST	COLOSSUS II	85
BEAST	CYCLOPS	317
BEAST	DR. STRANGE	50
BEAST	EDWIN JARVIS	73
BEAST	GAMBIT	108
BEAST	GARGOYLE II	53
BEAST	HAVOK	72
BEAST	HAWK	65
BEAST	HUMAN TORCH	57
BEAST	ICEMAN	319
BEAST	INVISIBLE WOMAN	54
BEAST	IRON MAN	142
BEAST	MAGNETO	51
BEAST	MARVEL GIRL	307
BEAST	MOONDRAGON	60
BEAST	MR. FANTASTIC	60
BEAST	NATHAN CHRI SUMMERS	78
BEAST	POLARIS	69
BEAST	PROFESSOR X	188
BEAST	PSYLOCKE	91
BEAST	QUICKSILVER	57
BEAST	ROGUE	104
BEAST	SCARLET WITCH	145
BEAST	SISTER BARB NORRISS	55
BEAST	SPIDERMAN	51
BEAST	STORM	139
BEAST	THING	67
BEAST	THOR	90
BEAST	VISION	144
BEAST	WASP	119
BEAST	WOLVERINE	146
BEAST	WONDER MAN	110
BEETLE	MOONSTONE II	51
BEETLE	SCREAMING MIMI	54
BEN URICH	J. JONAH JAMESON	85
BEN URICH	JOE ROBERTSON	66
BEN URICH	MARY WATSONPARKER	74
BEN URICH	SPIDERMAN	109
BERNIE ROSENTHAL	CAPTAIN AMERICA	76
BETHANY CABE	IRON MAN	54
BETTY BRANT LEEDS	EUGENE FLA THOMPSON	124
BETTY BRANT LEEDS	HARRY OSBORN	56
BETTY BRANT LEEDS	J. JONAH JAMESON	178
BETTY BRANT LEEDS	JOE ROBERTSON	114
BETTY BRANT LEEDS	LIZ ALLAN OSBORN	69
BETTY BRANT LEEDS	MARY WATSONPARKER	127
BETTY BRANT LEEDS	MAY PARKER	122
BETTY BRANT LEEDS	NED LEEDS	52
BETTY BRANT LEEDS	SPIDERMAN	249
BETTY ROSS T BANNER	DOC SAMSON	71
BETTY ROSS T BANNER	GEN. THADDEUS ROSS	148
BETTY ROSS T BANNER	GLENN TALBOT	96
BETTY ROSS T BANNER	HULK	249
BETTY ROSS T BANNER	RICHARD MILHO JONES	123
BINARY	CAPTAIN AMERICA	59
BINARY	IRON MAN	77
BINARY	SCARLET WITCH	63
BINARY	VISION	68
BINARY	WASP	66
BINARY	WONDER MAN	51
BISHOP	CYCLOPS	54
BISHOP	GAMBIT	52
BISHOP	ICEMAN	64
BISHOP	MARVEL GIRL	70
BISHOP	PROFESSOR X	65
BISHOP	STORM	71
BLACK BOLT	CRYSTAL [INHUMAN]	81
BLACK BOLT	GORGON [INHUMAN]	122
BLACK BOLT	HUMAN TORCH	55
BLACK BOLT	KARNAK [INHUMAN]	121
BLACK BOLT	LOCKJAW [INHUMAN]	70
BLACK BOLT	MAXIMUS [INHUMAN]	50
BLACK BOLT	MEDUSA	119
BLACK BOLT	MR. FANTASTIC	50
BLACK BOLT	THING	57
BLACK BOLT	TRITON	91
BLACK CAT	SPIDERMAN	92
BLACK JACK TARR	CLIVE RESTON	76
BLACK JACK TARR	LEIKO WU	74
BLACK JACK TARR	SHANGCHI	102
BLACK JACK TARR	SIR DENIS NAY SMITH	75
BLACK KNIGHT V	CAPTAIN AMERICA	119
BLACK KNIGHT V	CAPTAIN MARVEL II	81
BLACK KNIGHT V	EDWIN JARVIS	54
BLACK KNIGHT V	HAWK	53
BLACK KNIGHT V	HERCULES [GREEK GOD]	113
BLACK KNIGHT V	IRON MAN	50
BLACK KNIGHT V	SHEHULK	74
BLACK KNIGHT V	SUBMARINER	50
BLACK KNIGHT V	THOR	54
BLACK KNIGHT V	VISION	70
BLACK KNIGHT V	WASP	76
BLACK PANTHER	CAPTAIN AMERICA	131
BLACK PANTHER	EDWIN JARVIS	55
BLACK PANTHER	HAWK	95
BLACK PANTHER	IRON MAN	120
BLACK PANTHER	SCARLET WITCH	108
BLACK PANTHER	THOR	103
BLACK PANTHER	VISION	132
BLACK PANTHER	WASP	84
BLACK PANTHER	WONDER MAN	51
BLACK WIDOW	CAPTAIN AMERICA	143
BLACK WIDOW	CRYSTAL [INHUMAN]	73
BLACK WIDOW	DAREDEVIL	122
BLACK WIDOW	EDWIN JARVIS	59
BLACK WIDOW	HAWK	99
BLACK WIDOW	HERCULES [GREEK GOD]	139
BLACK WIDOW	IRON MAN	94
BLACK WIDOW	IVAN PETROVITCH	53
BLACK WIDOW	QUICKSILVER	94
BLACK WIDOW	SCARLET WITCH	95
BLACK WIDOW	THOR	61
BLACK WIDOW	VISION	120
BLACK WIDOW	WASP	90
BLOB	PYRO	52
BOOMER	CANNONBALL II	124
BOOMER	DOMINO III	59
BOOMER	MIRAGE II	58
BOOMER	NATHAN CHRI SUMMERS	76
BOOMER	RICTOR	79
BOOMER	SHATTERSTAR II	54
BOOMER	SIRYN	76
BOOMER	SUNSPOT	112
BOOMER	THUNDERBIRD II	106
BOX IV	HEATHER HUDSON	87
BOX IV	PUCK	57
BOX IV	SASQUATCH	60
BUCKY	BUCKY	120
BUCKY	CAPTAIN AMERICA	301
CANNONBALL II	CYCLOPS	72
CANNONBALL II	CYPHER	57
CANNONBALL II	ICEMAN	54
CANNONBALL II	MAGIK	91
CANNONBALL II	MAGMA	68
CANNONBALL II	MAGNETO	55
CANNONBALL II	MARVEL GIRL	70
CANNONBALL II	MIRAGE II	148
CANNONBALL II	NATHAN CHRI SUMMERS	81
CANNONBALL II	PROFESSOR X	78
CANNONBALL II	RICTOR	61
CANNONBALL II	ROGUE	53
CANNONBALL II	SIRYN	54
CANNONBALL II	STORM	102
CANNONBALL II	SUNSPOT	178
CANNONBALL II	THUNDERBIRD II	96
CANNONBALL II	WARLOCK III	98
CANNONBALL II	WOLFSBANE	150
CANNONBALL II	WOLVERINE	96
CAPTAIN AMERICA	CAPTAIN AMERICA	120
CAPTAIN AMERICA	CAPTAIN MARVEL II	119
CAPTAIN AMERICA	COL. NICHOLAS FURY	155
CAPTAIN AMERICA	COLOSSUS II	54
CAPTAIN AMERICA	CRYSTAL [INHUMAN]	73
CAPTAIN AMERICA	CYCLOPS	66
CAPTAIN AMERICA	DAREDEVIL	71
CAPTAIN AMERICA	DIAMONDBACK II	61
CAPTAIN AMERICA	DR. DOOM	65
CAPTAIN AMERICA	DR. STRANGE	67
CAPTAIN AMERICA	EDWIN JARVIS	244
CAPTAIN AMERICA	FALCON	189
CAPTAIN AMERICA	FIRESTAR	58
CAPTAIN AMERICA	HAWK	322
CAPTAIN AMERICA	HERCULES [GREEK GOD]	182
CAPTAIN AMERICA	HULK	111
CAPTAIN AMERICA	HUMAN TORCH	158
CAPTAIN AMERICA	HUMAN TORCH ANDROID	71
CAPTAIN AMERICA	INVISIBLE WOMAN	149
CAPTAIN AMERICA	IRON MAN	446
CAPTAIN AMERICA	MOCKINGBIRD	51
CAPTAIN AMERICA	MOONDRAGON	57
CAPTAIN AMERICA	MR. FANTASTIC	166
CAPTAIN AMERICA	PEGGY CARTER	68
CAPTAIN AMERICA	PHARAOH RAMATUT	54
CAPTAIN AMERICA	PROFESSOR X	61
CAPTAIN AMERICA	QUASAR III	104
CAPTAIN AMERICA	QUICKSILVER	165
CAPTAIN AMERICA	RED SKULL	122
CAPTAIN AMERICA	REDWING	79
CAPTAIN AMERICA	RICHARD MILHO JONES	80
CAPTAIN AMERICA	SCARLET WITCH	374
CAPTAIN AMERICA	SERSI	82
CAPTAIN AMERICA	SHARON CARTER	126
CAPTAIN AMERICA	SHEHULK	172
CAPTAIN AMERICA	SILVER SURFER	54
CAPTAIN AMERICA	SPIDERMAN	145
CAPTAIN AMERICA	STARFOX	71
CAPTAIN AMERICA	STORM	57
CAPTAIN AMERICA	SUBMARINER	158
CAPTAIN AMERICA	THING	168
CAPTAIN AMERICA	THOR	386
CAPTAIN AMERICA	THUNDERSTRIKE	55
CAPTAIN AMERICA	TIGRA	56
CAPTAIN AMERICA	TIMOTHY ALOYI DUGAN	79
CAPTAIN AMERICA	USAGENT	56
CAPTAIN AMERICA	VISION	385
CAPTAIN AMERICA	WASP	384
CAPTAIN AMERICA	WOLVERINE	78
CAPTAIN AMERICA	WONDER MAN	216
CAPTAIN BRITAIN	LOCKHEED	62
CAPTAIN BRITAIN	MEGGAN	120
CAPTAIN BRITAIN	NIGHTCRAWLER	109
CAPTAIN BRITAIN	PHOENIX III	67
CAPTAIN BRITAIN	SHADOWCAT	107
CAPTAIN MARVEL	RICHARD MILHO JONES	65
CAPTAIN MARVEL II	EDWIN JARVIS	53
CAPTAIN MARVEL II	HAWK	67
CAPTAIN MARVEL II	HERCULES [GREEK GOD]	65
CAPTAIN MARVEL II	SCARLET WITCH	62
CAPTAIN MARVEL II	SHEHULK	94
CAPTAIN MARVEL II	STARFOX	65
CAPTAIN MARVEL II	THOR	84
CAPTAIN MARVEL II	VISION	63
CAPTAIN MARVEL II	WASP	115
CHAMBER	HUSK	67
CHAMBER	JUBILEE	73
CHAMBER	PENANCE	63
CHAMBER	SKIN	72
CHAMBER	SYNCH	63
CHAMBER	WHITE QUEEN	66
CLAY QUARTERMAIN	HULK	58
CLEA	DR. STRANGE	178
CLEA	WONG	100
CLIVE RESTON	LEIKO WU	73
CLIVE RESTON	SHANGCHI	85
CLIVE RESTON	SIR DENIS NAY SMITH	63
CLOAK	DAGGER	98
COL. JOHN JAMESON	SPIDERMAN	63
COL. NICHOLAS FURY	CONT DE LA FONTAINE	70
COL. NICHOLAS FURY	GABE JONES	64
COL. NICHOLAS FURY	IRON MAN	90
COL. NICHOLAS FURY	SHARON CARTER	53
COL. NICHOLAS FURY	TIMOTHY ALOYI DUGAN	164
COLLEEN WING	IRON FIST	75
COLLEEN WING	LUKE CAGE	52
COLLEEN WING	MISTY KNIGHT	82
COLOSSUS II	CYCLOPS	205
COLOSSUS II	DAZZLER II	55
COLOSSUS II	GAMBIT	77
COLOSSUS II	HAVOK	91
COLOSSUS II	ICEMAN	75
COLOSSUS II	MAGNETO	78
COLOSSUS II	MARVEL GIRL	95
COLOSSUS II	MOIRA KI MACTAGGERT	99
COLOSSUS II	NIGHTCRAWLER	303
COLOSSUS II	POLARIS	62
COLOSSUS II	PROFESSOR X	236
COLOSSUS II	PSYLOCKE	104
COLOSSUS II	ROGUE	205
COLOSSUS II	SHADOWCAT	197
COLOSSUS II	STORM	344
COLOSSUS II	THING	53
COLOSSUS II	WOLFSBANE	72
COLOSSUS II	WOLVERINE	331
COUNTERWEIGHT	COUNTERWEIGHT II	83
COUNTERWEIGHT	DR. JIM POWER	56
COUNTERWEIGHT	GEE	84
COUNTERWEIGHT	LIGHTSPEED	84
COUNTERWEIGHT	MARGARET POWER	50
COUNTERWEIGHT II	DR. JIM POWER	56
COUNTERWEIGHT II	GEE	84
COUNTERWEIGHT II	LIGHTSPEED	83
COUNTERWEIGHT II	MARGARET POWER	50
CRYSTAL [INHUMAN]	GORGON [INHUMAN]	82
CRYSTAL [INHUMAN]	HERCULES [GREEK GOD]	81
CRYSTAL [INHUMAN]	HUMAN TORCH	119
CRYSTAL [INHUMAN]	INVISIBLE WOMAN	96
CRYSTAL [INHUMAN]	KARNAK [INHUMAN]	80
CRYSTAL [INHUMAN]	LOCKJAW [INHUMAN]	72
CRYSTAL [INHUMAN]	MEDUSA	78
CRYSTAL [INHUMAN]	MR. FANTASTIC	105
CRYSTAL [INHUMAN]	QUICKSILVER	112
CRYSTAL [INHUMAN]	SCARLET WITCH	55
CRYSTAL [INHUMAN]	THING	121
CRYSTAL [INHUMAN]	TRITON	68
CRYSTAL [INHUMAN]	VISION	87
CYCLOPS	GAMBIT	86
CYCLOPS	HAVOK	110
CYCLOPS	HULK	53
CYCLOPS	HUMAN TORCH	68
CYCLOPS	ICEMAN	299
CYCLOPS	JUBILEE	51
CYCLOPS	MAGNETO	72
CYCLOPS	MARVEL GIRL	390
CYCLOPS	MOIRA KI MACTAGGERT	71
CYCLOPS	MR. FANTASTIC	58
CYCLOPS	NATHAN CHRI SUMMERS	87
CYCLOPS	NIGHTCRAWLER	158
CYCLOPS	POLARIS	96
CYCLOPS	PROFESSOR X	308
CYCLOPS	PSYLOCKE	89
CYCLOPS	ROGUE	121
CYCLOPS	SHADOWCAT	75
CYCLOPS	SPIDERMAN	51
CYCLOPS	STORM	261
CYCLOPS	THING	71
CYCLOPS	WOLVERINE	277
CYPHER	MAGIK	50
CYPHER	MIRAGE II	55
CYPHER	NIGHTCRAWLER	52
CYPHER	SHADOWCAT	66
CYPHER	WOLFSBANE	81
DAREDEVIL	FRANKLIN FOG NELSON	261
DAREDEVIL	HEATHER GLENN	50
DAREDEVIL	HUMAN TORCH	64
DAREDEVIL	INVISIBLE WOMAN	58
DAREDEVIL	IRON MAN	53
DAREDEVIL	J. JONAH JAMESON	50
DAREDEVIL	KAREN PAGE	155
DAREDEVIL	KINGPIN	102
DAREDEVIL	MR. FANTASTIC	52
DAREDEVIL	SPIDERMAN	103
DAREDEVIL	THING	61
DAZZLER II	HAVOK	50
DAZZLER II	LONGSHOT	57
DAZZLER II	PSYLOCKE	61
DAZZLER II	ROGUE	66
DAZZLER II	STORM	57
DAZZLER II	WOLVERINE	70
DOC SAMSON	GEN. THADDEUS ROSS	65
DOC SAMSON	HULK	110
DOMINO III	THUNDERBIRD II	57
DORMA [ATLANTEAN]	PATRIOT	51
DORMA [ATLANTEAN]	SUBMARINER	67
DORMAMMU	DR. STRANGE	53
DR. DOOM	HUMAN TORCH	114
DR. DOOM	INVISIBLE WOMAN	96
DR. DOOM	MR. FANTASTIC	115
DR. DOOM	SUBMARINER	59
DR. DOOM	THING	119
DR. JANE FO KINCAID	ODIN [ASGARDIAN]	67
DR. JANE FO KINCAID	THOR	112
DR. JIM POWER	GEE	57
DR. JIM POWER	LIGHTSPEED	56
DR. OCTOPUS	SPIDERMAN	89
DR. STRANGE	HELLCAT	60
DR. STRANGE	HULK	154
DR. STRANGE	HUMAN TORCH	50
DR. STRANGE	IRON MAN	52
DR. STRANGE	NIGHTHAWK II	89
DR. STRANGE	RINTRAH	59
DR. STRANGE	SARA WOLFE	64
DR. STRANGE	SCARLET WITCH	62
DR. STRANGE	SILVER SURFER	70
DR. STRANGE	SISTER BARB NORRISS	122
DR. STRANGE	SPIDERMAN	71
DR. STRANGE	SUBMARINER	92
DR. STRANGE	THING	55
DR. STRANGE	VISION	58
DR. STRANGE	WONG	208
DRACULA	FRANKLIN DRAKE	58
DRACULA	RACHEL VAN HELSING	51
EDWIN JARVIS	HAWK	106
EDWIN JARVIS	HERCULES [GREEK GOD]	76
EDWIN JARVIS	IRON MAN	183
EDWIN JARVIS	QUICKSILVER	66
EDWIN JARVIS	SCARLET WITCH	153
EDWIN JARVIS	SHEHULK	59
EDWIN JARVIS	THOR	160
EDWIN JARVIS	VISION	182
EDWIN JARVIS	WASP	160
EDWIN JARVIS	WONDER MAN	93
ENCHANTRESS	THOR	78
EUGENE FLA THOMPSON	HARRY OSBORN	75
EUGENE FLA THOMPSON	J. JONAH JAMESON	144
EUGENE FLA THOMPSON	JOE ROBERTSON	73
EUGENE FLA THOMPSON	LIZ ALLAN OSBORN	89
EUGENE FLA THOMPSON	MARY WATSONPARKER	120
EUGENE FLA THOMPSON	MAY PARKER	117
EUGENE FLA THOMPSON	SPIDERMAN	240
FALCON	REDWING	96
FALCON	SHARON CARTER	56
FANDRAL [ASGARDIAN]	HEIMDALL [ASGARDIAN]	94
FANDRAL [ASGARDIAN]	HOGUN [ASGARDIAN]	227
FANDRAL [ASGARDIAN]	KARNILLA [ASGARDIAN]	55
FANDRAL [ASGARDIAN]	LOKI [ASGARDIAN]	95
FANDRAL [ASGARDIAN]	ODIN [ASGARDIAN]	135
FANDRAL [ASGARDIAN]	SIF	136
FANDRAL [ASGARDIAN]	THOR	186
FANDRAL [ASGARDIAN]	VIZIER	66
FANDRAL [ASGARDIAN]	VOLSTAGG	217
FIRESTAR	JUSTICE II	114
FIRESTAR	NAMORITA	66
FIRESTAR	NIGHT THRASHER	62
FIRESTAR	NOVA	82
FIRESTAR	SPEEDBALL	62
FORGE	STORM	54
FORGE	WOLVERINE	55
FRANKLIN B RICHARDS	HUMAN TORCH	202
FRANKLIN B RICHARDS	INVISIBLE WOMAN	230
FRANKLIN B RICHARDS	MR. FANTASTIC	228
FRANKLIN B RICHARDS	THING	198
FRANKLIN DRAKE	RACHEL VAN HELSING	50
FRANKLIN FOG NELSON	KAREN PAGE	115
FRANKLIN FOG NELSON	KINGPIN	56
FRENCHIE	MARLENE ALRAUNE	64
FRENCHIE	MOON KNIGHT	94
GABE JONES	TIMOTHY ALOYI DUGAN	81
GALACTUS	HUMAN TORCH	51
GALACTUS	MR. FANTASTIC	53
GALACTUS	SILVER SURFER	70
GALACTUS	THING	53
GAMBIT	ICEMAN	72
GAMBIT	JUBILEE	53
GAMBIT	MARVEL GIRL	92
GAMBIT	NIGHTCRAWLER	51
GAMBIT	PROFESSOR X	95
GAMBIT	PSYLOCKE	80
GAMBIT	ROGUE	120
GAMBIT	STORM	122
GAMBIT	WOLVERINE	118
GARGOYLE II	SISTER BARB NORRISS	60
GEE	LIGHTSPEED	84
GEE	MARGARET POWER	52
GEN. THADDEUS ROSS	GLENN TALBOT	103
GEN. THADDEUS ROSS	HULK	207
GEN. THADDEUS ROSS	RICHARD MILHO JONES	73
GLENN TALBOT	HULK	120
GLORIA GLORY GRANT	J. JONAH JAMESON	75
GLORIA GLORY GRANT	JOE ROBERTSON	71
GLORIA GLORY GRANT	MARY WATSONPARKER	55
GLORIA GLORY GRANT	SPIDERMAN	111
GORGON [INHUMAN]	HUMAN TORCH	53
GORGON [INHUMAN]	KARNAK [INHUMAN]	129
GORGON [INHUMAN]	LOCKJAW [INHUMAN]	69
GORGON [INHUMAN]	MEDUSA	114
GORGON [INHUMAN]	MR. FANTASTIC	51
GORGON [INHUMAN]	THING	56
GORGON [INHUMAN]	TRITON	91
GREEN GOBLIN	J. JONAH JAMESON	58
GREEN GOBLIN	MARY WATSONPARKER	52
GREEN GOBLIN	SPIDERMAN	85
GWEN STACY	HARRY OSBORN	64
GWEN STACY	J. JONAH JAMESON	71
GWEN STACY	SPIDERMAN	93
HAROLD J. HAP HOGAN	IRON MAN	114
HAROLD J. HAP HOGAN	VIRGINIA PEPP HOGAN	98
HARRY OSBORN	J. JONAH JAMESON	105
HARRY OSBORN	JOE ROBERTSON	72
HARRY OSBORN	LIZ ALLAN OSBORN	67
HARRY OSBORN	MARY WATSONPARKER	115
HARRY OSBORN	MAY PARKER	81
HARRY OSBORN	SPIDERMAN	181
HAVOK	ICEMAN	73
HAVOK	MARVEL GIRL	79
HAVOK	POLARIS	129
HAVOK	PROFESSOR X	69
HAVOK	PSYLOCKE	80
HAVOK	ROGUE	78
HAVOK	STORM	118
HAVOK	STRONG GUY	51
HAVOK	WOLFSBANE	53
HAVOK	WOLVERINE	120
HAWK	HERCULES [GREEK GOD]	83
HAWK	HULK	63
HAWK	HUMAN TORCH	67
HAWK	INVISIBLE WOMAN	62
HAWK	IRON MAN	294
HAWK	IRON MAN IV	58
HAWK	MOCKINGBIRD	147
HAWK	MR. FANTASTIC	80
HAWK	POWER MAN	52
HAWK	QUICKSILVER	152
HAWK	RICHARD MILHO JONES	50
HAWK	SCARLET WITCH	301
HAWK	SHEHULK	87
HAWK	SPIDERMAN	57
HAWK	THING	80
HAWK	THOR	210
HAWK	TIGRA	105
HAWK	USAGENT	72
HAWK	VISION	253
HAWK	WASP	269
HAWK	WONDER MAN	206
HEATHER HUDSON	NORTHSTAR	90
HEATHER HUDSON	PUCK	114
HEATHER HUDSON	SASQUATCH	104
HEATHER HUDSON	SHAMAN	86
HEATHER HUDSON	TALISMAN II	51
HEIMDALL [ASGARDIAN]	HOGUN [ASGARDIAN]	95
HEIMDALL [ASGARDIAN]	LOKI [ASGARDIAN]	74
HEIMDALL [ASGARDIAN]	ODIN [ASGARDIAN]	106
HEIMDALL [ASGARDIAN]	SIF	86
HEIMDALL [ASGARDIAN]	THOR	111
HEIMDALL [ASGARDIAN]	VOLSTAGG	89
HELLCAT	HULK	70
HELLCAT	NIGHTHAWK II	66
HELLCAT	SISTER BARB NORRISS	78
HERCULES [GREEK GOD]	ICEMAN	50
HERCULES [GREEK GOD]	IRON MAN	79
HERCULES [GREEK GOD]	QUASAR III	54
HERCULES [GREEK GOD]	QUICKSILVER	92
HERCULES [GREEK GOD]	SCARLET WITCH	88
HERCULES [GREEK GOD]	SERSI	55
HERCULES [GREEK GOD]	SHEHULK	69
HERCULES [GREEK GOD]	THOR	114
HERCULES [GREEK GOD]	THUNDERSTRIKE	62
HERCULES [GREEK GOD]	VISION	120
HERCULES [GREEK GOD]	WASP	111
HERCULES [GREEK GOD]	WONDER MAN	63
HOBGOBLIN V	SPIDERMAN	62
HOGUN [ASGARDIAN]	KARNILLA [ASGARDIAN]	58
HOGUN [ASGARDIAN]	LOKI [ASGARDIAN]	95
HOGUN [ASGARDIAN]	ODIN [ASGARDIAN]	136
HOGUN [ASGARDIAN]	SIF	137
HOGUN [ASGARDIAN]	THOR	186
HOGUN [ASGARDIAN]	VIZIER	65
HOGUN [ASGARDIAN]	VOLSTAGG	220
HULK	HUMAN TORCH	99
HULK	INVISIBLE WOMAN	77
HULK	IRON MAN	85
HULK	LEADER	64
HULK	MARLO CHANDLE JONES	52
HULK	MR. FANTASTIC	89
HULK	NIGHTHAWK II	97
HULK	RICHARD MILHO JONES	173
HULK	SCARLET WITCH	65
HULK	SHEHULK	61
HULK	SILVER SURFER	66
HULK	SISTER BARB NORRISS	117
HULK	SPIDERMAN	93
HULK	SUBMARINER	105
HULK	THING	99
HULK	THOR	72
HULK	VISION	69
HULK	WASP	70
HULK	WOLVERINE	71
HUMAN TORCH	INVISIBLE WOMAN	694
HUMAN TORCH	IRON MAN	108
HUMAN TORCH	LYJA LAZERFIST [SKRU	95
HUMAN TORCH	MEDUSA	93
HUMAN TORCH	MR. FANTASTIC	713
HUMAN TORCH	MS. MARVEL II	69
HUMAN TORCH	PROFESSOR X	60
HUMAN TORCH	SCARLET WITCH	88
HUMAN TORCH	SHEHULK	127
HUMAN TORCH	SILVER SURFER	69
HUMAN TORCH	SPIDERMAN	147
HUMAN TORCH	STORM	60
HUMAN TORCH	SUBMARINER	92
HUMAN TORCH	THING	744
HUMAN TORCH	THOR	124
HUMAN TORCH	VISION	98
HUMAN TORCH	WASP	90
HUMAN TORCH	WOLVERINE	67
HUMAN TORCH	WONDER MAN	54
HUMAN TORCH	WYATT WINGFOOT	58
HUMAN TORCH ANDROID	PATRIOT	57
HUMAN TORCH ANDROID	SUBMARINER	64
HUSK	JUBILEE	74
HUSK	PENANCE	56
HUSK	SKIN	69
HUSK	SYNCH	66
HUSK	WHITE QUEEN	66
ICEMAN	MARVEL GIRL	309
ICEMAN	NATHAN CHRI SUMMERS	61
ICEMAN	POLARIS	69
ICEMAN	PROFESSOR X	174
ICEMAN	PSYLOCKE	66
ICEMAN	ROGUE	72
ICEMAN	STORM	121
ICEMAN	WOLVERINE	98
INVISIBLE WOMAN	IRON MAN	114
INVISIBLE WOMAN	LYJA LAZERFIST [SKRU	83
INVISIBLE WOMAN	MEDUSA	68
INVISIBLE WOMAN	MR. FANTASTIC	701
INVISIBLE WOMAN	SCARLET WITCH	87
INVISIBLE WOMAN	SHEHULK	122
INVISIBLE WOMAN	SILVER SURFER	61
INVISIBLE WOMAN	SPIDERMAN	97
INVISIBLE WOMAN	SUBMARINER	102
INVISIBLE WOMAN	THING	668
INVISIBLE WOMAN	THOR	111
INVISIBLE WOMAN	VISION	92
INVISIBLE WOMAN	WASP	87
INVISIBLE WOMAN	WOLVERINE	51
INVISIBLE WOMAN	WONDER MAN	61
IRON FIST	LUKE CAGE	126
IRON FIST	MISTY KNIGHT	80
IRON MAN	IRON MAN IV	189
IRON MAN	JASPER SITWELL	59
IRON MAN	JOCASTA	50
IRON MAN	MADAME MASQUE	57
IRON MAN	MANDARIN	65
IRON MAN	MOCKINGBIRD	74
IRON MAN	MOONDRAGON	50
IRON MAN	MR. FANTASTIC	128
IRON MAN	QUICKSILVER	110
IRON MAN	RICHARD MILHO JONES	58
IRON MAN	SCARLET WITCH	372
IRON MAN	SHEHULK	93
IRON MAN	SPIDERMAN	94
IRON MAN	SPIDERWOMAN II	62
IRON MAN	SUBMARINER	71
IRON MAN	THING	129
IRON MAN	THOR	344
IRON MAN	TIGRA	87
IRON MAN	USAGENT	87
IRON MAN	VIRGINIA PEPP HOGAN	117
IRON MAN	VISION	333
IRON MAN	WASP	301
IRON MAN	WONDER MAN	249
J. JONAH JAMESON	JOE ROBERTSON	286
J. JONAH JAMESON	LIZ ALLAN OSBORN	81
J. JONAH JAMESON	MARLA MADIS JAMESON	69
J. JONAH JAMESON	MARY WATSONPARKER	235
J. JONAH JAMESON	MAY PARKER	208
J. JONAH JAMESON	NED LEEDS	53
J. JONAH JAMESON	SPIDERMAN	526
JILL STACY	SPIDERMAN	57
JOE ROBERTSON	MARY WATSONPARKER	186
JOE ROBERTSON	MAY PARKER	105
JOE ROBERTSON	SPIDERMAN	356
JOY MERCADO	SPIDERMAN	52
JUBILEE	PENANCE	63
JUBILEE	PSYLOCKE	55
JUBILEE	SKIN	75
JUBILEE	STORM	55
JUBILEE	SYNCH	67
JUBILEE	WHITE QUEEN	74
JUBILEE	WOLVERINE	92
JUSTICE II	NAMORITA	52
JUSTICE II	NIGHT THRASHER	53
JUSTICE II	NOVA	65
KARNAK [INHUMAN]	LOCKJAW [INHUMAN]	69
KARNAK [INHUMAN]	MEDUSA	113
KARNAK [INHUMAN]	THING	52
KARNAK [INHUMAN]	TRITON	90
KARNILLA [ASGARDIAN]	LOKI [ASGARDIAN]	53
KARNILLA [ASGARDIAN]	ODIN [ASGARDIAN]	57
KARNILLA [ASGARDIAN]	SIF	70
KARNILLA [ASGARDIAN]	THOR	76
KARNILLA [ASGARDIAN]	VOLSTAGG	54
KATE CUSHING	SPIDERMAN	63
KAZAR	SHANNA	79
KAZAR	ZABU	159
KINGPIN	SPIDERMAN	102
LEIKO WU	SHANGCHI	88
LEIKO WU	SIR DENIS NAY SMITH	61
LIGHTSPEED	MARGARET POWER	50
LILANDRA NERAMANI [S	PROFESSOR X	67
LILANDRA NERAMANI [S	STORM	56
LIVING LIGHTNING	SCARLET WITCH	56
LIVING LIGHTNING	WONDER MAN	54
LIZ ALLAN OSBORN	MARY WATSONPARKER	66
LIZ ALLAN OSBORN	MAY PARKER	72
LIZ ALLAN OSBORN	SPIDERMAN	138
LIZARD	SPIDERMAN	68
LOCKHEED	MEGGAN	68
LOCKHEED	NIGHTCRAWLER	102
LOCKHEED	PHOENIX III	59
LOCKHEED	SHADOWCAT	100
LOCKJAW [INHUMAN]	MEDUSA	65
LOCKJAW [INHUMAN]	TRITON	58
LOKI [ASGARDIAN]	ODIN [ASGARDIAN]	132
LOKI [ASGARDIAN]	SIF	99
LOKI [ASGARDIAN]	THOR	182
LOKI [ASGARDIAN]	VOLSTAGG	98
LONGSHOT	PSYLOCKE	54
LONGSHOT	ROGUE	54
LONGSHOT	WOLVERINE	51
LUKE CAGE	MISTY KNIGHT	59
LYJA LAZERFIST [SKRU	MR. FANTASTIC	61
LYJA LAZERFIST [SKRU	THING	81
MAGIK	MAGMA	57
MAGIK	MIRAGE II	84
MAGIK	SUNSPOT	77
MAGIK	WARLOCK III	65
MAGIK	WOLFSBANE	86
MAGMA	MIRAGE II	62
MAGMA	SUNSPOT	59
MAGMA	WOLFSBANE	62
MAGNETO	NIGHTCRAWLER	54
MAGNETO	PROFESSOR X	86
MAGNETO	ROGUE	70
MAGNETO	STORM	84
MAGNETO	WOLVERINE	80
MARLA MADIS JAMESON	SPIDERMAN	61
MARLENE ALRAUNE	MOON KNIGHT	82
MARLO CHANDLE JONES	RICHARD MILHO JONES	60
MARROW	STORM	54
MARROW	WOLVERINE	50
MARVEL GIRL	NATHAN CHRI SUMMERS	105
MARVEL GIRL	POLARIS	77
MARVEL GIRL	PROFESSOR X	214
MARVEL GIRL	PSYLOCKE	91
MARVEL GIRL	ROGUE	91
MARVEL GIRL	STORM	162
MARVEL GIRL	WOLVERINE	145
MARY WATSONPARKER	MAY PARKER	188
MARY WATSONPARKER	SPIDERMAN	616
MARY WATSONPARKER	SPIDERMAN CLONE	77
MAY PARKER	NATE LUBENSKI	59
MAY PARKER	SPIDERMAN	380
MEDUSA	MR. FANTASTIC	86
MEDUSA	THING	95
MEDUSA	TRITON	87
MEGGAN	NIGHTCRAWLER	118
MEGGAN	PHOENIX III	69
MEGGAN	SHADOWCAT	114
MICROCHIP	PUNISHER II	88
MIRAGE II	SUNSPOT	144
MIRAGE II	THUNDERBIRD II	52
MIRAGE II	WARLOCK III	82
MIRAGE II	WOLFSBANE	122
MISS AMERICA	MISS AMERICA	672
MISS AMERICA	PATRIOT	1894
MISS AMERICA	SUBMARINER	82
MOCKINGBIRD	SCARLET WITCH	67
MOCKINGBIRD	TIGRA	84
MOCKINGBIRD	VISION	60
MOCKINGBIRD	WASP	54
MOCKINGBIRD	WONDER MAN	104
MOIRA KI MACTAGGERT	NIGHTCRAWLER	97
MOIRA KI MACTAGGERT	PROFESSOR X	83
MOIRA KI MACTAGGERT	SHADOWCAT	73
MOIRA KI MACTAGGERT	STORM	76
MOIRA KI MACTAGGERT	WOLFSBANE	60
MOIRA KI MACTAGGERT	WOLVERINE	79
MOONDRAGON	SCARLET WITCH	58
MOONDRAGON	THOR	50
MOONDRAGON	VISION	60
MOONSTONE II	POWER MAN	59
MOONSTONE II	SCREAMING MIMI	60
MR. FANTASTIC	PROFESSOR X	52
MR. FANTASTIC	SCARLET WITCH	89
MR. FANTASTIC	SHEHULK	122
MR. FANTASTIC	SILVER SURFER	64
MR. FANTASTIC	SPIDERMAN	121
MR. FANTASTIC	STORM	51
MR. FANTASTIC	SUBMARINER	86
MR. FANTASTIC	THING	708
MR. FANTASTIC	THOR	129
MR. FANTASTIC	VISION	90
MR. FANTASTIC	WASP	95
MR. FANTASTIC	WOLVERINE	53
MR. FANTASTIC	WONDER MAN	50
MR. FANTASTIC	WYATT WINGFOOT	54
MS. MARVEL II	THING	79
NAMORITA	NIGHT THRASHER	62
NAMORITA	NOVA	82
NAMORITA	SPEEDBALL	67
NAMORITA	SUBMARINER	64
NATE LUBENSKI	SPIDERMAN	63
NATHAN CHRI SUMMERS	STORM	63
NATHAN CHRI SUMMERS	SUNSPOT	57
NATHAN CHRI SUMMERS	THUNDERBIRD II	52
NATHAN CHRI SUMMERS	WOLVERINE	59
NED LEEDS	SPIDERMAN	78
NIGHT THRASHER	NOVA	74
NIGHT THRASHER	SPEEDBALL	58
NIGHTCRAWLER	PHOENIX III	93
NIGHTCRAWLER	PROFESSOR X	189
NIGHTCRAWLER	ROGUE	130
NIGHTCRAWLER	SHADOWCAT	276
NIGHTCRAWLER	STORM	250
NIGHTCRAWLER	WOLFSBANE	57
NIGHTCRAWLER	WOLVERINE	267
NIGHTHAWK II	SISTER BARB NORRISS	103
NORTHSTAR	PUCK	84
NORTHSTAR	SASQUATCH	75
NORTHSTAR	SHAMAN	65
NOVA	SPEEDBALL	78
ODIN [ASGARDIAN]	SIF	156
ODIN [ASGARDIAN]	THOR	266
ODIN [ASGARDIAN]	VIZIER	73
ODIN [ASGARDIAN]	VOLSTAGG	135
PATRIOT	PATRIOT	1275
PATRIOT	SUBMARINER	108
PENANCE	SKIN	61
PENANCE	SYNCH	51
PENANCE	WHITE QUEEN	55
PHARAOH RAMATUT	WASP	51
PHOENIX III	SHADOWCAT	88
POLARIS	PROFESSOR X	74
POLARIS	ROGUE	51
POLARIS	STORM	74
POLARIS	WOLVERINE	70
POWER MAN	SCREAMING MIMI	56
PROFESSOR X	PSYLOCKE	73
PROFESSOR X	ROGUE	131
PROFESSOR X	SHADOWCAT	125
PROFESSOR X	STORM	261
PROFESSOR X	SUNSPOT	51
PROFESSOR X	THING	63
PROFESSOR X	WOLFSBANE	56
PROFESSOR X	WOLVERINE	248
PSYLOCKE	ROGUE	146
PSYLOCKE	STORM	134
PSYLOCKE	WOLVERINE	164
PUCK	SASQUATCH	74
PUCK	SHAMAN	69
QUASAR III	SERSI	54
QUASAR III	SHEHULK	62
QUASAR III	VISION	76
QUASAR III	WONDER MAN	54
QUICKSILVER	SCARLET WITCH	210
QUICKSILVER	THING	51
QUICKSILVER	THOR	99
QUICKSILVER	VISION	141
QUICKSILVER	WASP	124
QUICKSILVER	WONDER MAN	62
RANDY ROBERTSON	SPIDERMAN	66
RICHARD MILHO JONES	WASP	51
RICTOR	SUNSPOT	52
ROGUE	SHADOWCAT	101
ROGUE	STORM	224
ROGUE	WOLVERINE	232
SANDMAN	SPIDERMAN	62
SARA WOLFE	WONG	53
SASQUATCH	SHAMAN	72
SCARLET WITCH	SHEHULK	91
SCARLET WITCH	SPIDERMAN	67
SCARLET WITCH	SPIDERWOMAN II	75
SCARLET WITCH	STARFOX	61
SCARLET WITCH	SUBMARINER	59
SCARLET WITCH	THING	99
SCARLET WITCH	THOR	254
SCARLET WITCH	TIGRA	69
SCARLET WITCH	USAGENT	104
SCARLET WITCH	VISION	422
SCARLET WITCH	WASP	273
SCARLET WITCH	WONDER MAN	261
SERSI	VISION	64
SHADOWCAT	STORM	154
SHADOWCAT	WOLFSBANE	59
SHADOWCAT	WOLVERINE	169
SHAMAN	SNOWBIRD	50
SHANGCHI	SIR DENIS NAY SMITH	84
SHANNA	ZABU	70
SHATTERSTAR II	THUNDERBIRD II	55
SHEHULK	SPIDERMAN	58
SHEHULK	SUBMARINER	59
SHEHULK	THING	97
SHEHULK	THOR	123
SHEHULK	VISION	102
SHEHULK	WASP	133
SHEHULK	WOLVERINE	53
SHEHULK	WONDER MAN	76
SIF	THOR	204
SIF	VIZIER	59
SIF	VOLSTAGG	132
SILVER SURFER	SUBMARINER	51
SILVER SURFER	THING	73
SIRYN	SUNSPOT	66
SIRYN	THUNDERBIRD II	73
SISTER BARB NORRISS	SUBMARINER	58
SKIN	SYNCH	66
SKIN	WHITE QUEEN	67
SPACEKNIGHT ROM	STARSHINE II	68
SPIDERMAN	SPIDERMAN CLONE	98
SPIDERMAN	THING	126
SPIDERMAN	THOR	95
SPIDERMAN	VENOM	54
SPIDERMAN	VISION	75
SPIDERMAN	WASP	78
SPIDERMAN	WOLVERINE	63
SPIDERWOMAN II	USAGENT	74
STARFOX	VISION	65
STARFOX	WASP	62
STORM	THING	69
STORM	WOLFSBANE	52
STORM	WOLVERINE	389
SUBMARINER	THING	102
SUBMARINER	THOR	62
SUBMARINER	VASHTI	83
SUBMARINER	VISION	57
SUBMARINER	WASP	70
SUNSPOT	THUNDERBIRD II	73
SUNSPOT	WARLOCK III	99
SUNSPOT	WOLFSBANE	131
SYNCH	WHITE QUEEN	63
THING	THOR	126
THING	TRITON	50
THING	UATU	51
THING	VISION	101
THING	WASP	89
THING	WOLVERINE	76
THING	WONDER MAN	67
THOR	VISION	255
THOR	VIZIER	72
THOR	VOLSTAGG	187
THOR	WASP	238
THOR	WONDER MAN	125
TIGRA	VISION	56
TIGRA	WASP	69
TIGRA	WONDER MAN	107
USAGENT	WASP	51
USAGENT	WONDER MAN	77
VISION	WASP	254
VISION	WONDER MAN	226
VIZIER	VOLSTAGG	65
WARLOCK III	WOLFSBANE	94
WASP	WONDER MAN	186
WOLFSBANE	WOLVERINE	50